{"Generator_loss": 6.263633728027344, "_timestamp": 1716636278.2197957, "_runtime": 1315.0925607681274, "_step": 799, "Discriminator_loss": 0.125311940908432, "_wandb": {"runtime": 1304}}