{"Generator_loss": -0.49751120805740356, "_timestamp": 1698065907.40591, "_runtime": 384.2366909980774, "_step": 9, "Discriminator_loss": -9.542703628540039e-05}