{"Generator_loss": 0.7041141390800476, "_timestamp": 1717316591.3806608, "_runtime": 143.25055265426636, "_step": 75, "Discriminator_loss": 1.332251787185669}