{"Generator_loss": 2.728722333908081, "_timestamp": 1717316431.4202907, "_runtime": 60.14964771270752, "_step": 25, "Discriminator_loss": 0.5260488390922546}